train_loss,train_acc,val_loss,val_acc,val_auc
0.7627019882202148,53.125,0.6912010908126831,53.125,0.5
0.831922709941864,56.25,0.6912956237792969,53.125,0.5823529411764706
